References,Quantity,Value,Manufacturer,Manufacturer part number,Footprint,Assembly,Manufacturer source URL,Vendor,Vendor SKU,Purchase URL,Order quantity,Pack contents,Observed unit price USD,Availability,Availability checked UTC,Availability evidence,Notes
U1,1,Raspberry Pi Pico W,Raspberry Pi,SC0918,Macropad:PicoW_Castellated,B,https://datasheets.raspberrypi.com/picow/pico-w-datasheet.pdf,DigiKey,2648-SC0918CT-ND,https://www.digikey.com/en/products/detail/raspberry-pi/SC0918/16627943,1,1 Pico W,6.00,In stock: public page reports 7170,2026-10-02,Public listing observed; stock and price may change. Shipping/tax/checkout not checked.,USB-powered Pico W; castellated carrier mount; USB connector faces left edge; antenna faces right
SW1-SW13,13,MX hot-swap,Kailh,CPG151101S11-16,Macropad:MX_Hotswap_CPG151101S11_16,B,https://www.kailhswitch.com/Content/upload/pdf/202215927/CPG151101S11-16.pdf,LCSC,C5156480,https://www.lcsc.com/product-detail/C5156480.html,15,Piece; minimum/multiple 5,,Unavailable: retailer says Not available now,2026-10-02,Public listing observed; stock and price may change. Shipping/tax/checkout not checked.,Socket on B.Cu; MX switch inserted from F.Cu; socket and switch are distinct BOM items; exact manufacturer MPN retained; LCSC source unavailable at check; see separately qualified Adafruit 4958 alternative
SW1-SW13 alternate supply,13,MX hot-swap,Kailh,CPG151101S11-16 designed; retailer MPN not stated,Macropad:MX_Hotswap_CPG151101S11_16,Alternative source; confirm exact revision before order,https://cdn-shop.adafruit.com/product-files/4958/Datasheet.jpeg,Adafruit,4958,https://www.adafruit.com/product/4958,1,20 Kailh MX sockets; 13 used,4.95,In stock shown on public page,2026-10-02,Public listing observed; stock and price may change. Shipping/tax/checkout not checked.,"Alternative supplier SKU, not an additional 13 sockets. Linked Kailh drawing matches 14.5x5.9x3mm body, 6.35mm contact separation and 2.54mm offset with 3mm pin holes; retailer does not state CPG part/revision. Confirm exact delivered revision before ordering/assembly."
D1-D13,13,1N4148W,Diodes Incorporated,1N4148W-7-F,Diode_SMD:D_SOD-123,B,https://www.diodes.com/assets/Datasheets/ds12019.pdf,DigiKey,1N4148W-FDICT-ND,https://www.digikey.com/en/products/detail/diodes-incorporated/1N4148W-7-F/814371,13,Cut tape individual diode,,In stock: public listing reports 416216,2026-10-02,Public listing observed; stock and price may change. Shipping/tax/checkout not checked.,Pin 1 cathode toward row; pin 2 anode toward switch
ENC1,1,EC11E15244B2,Alps Alpine,EC11E15244B2,Rotary_Encoder:RotaryEncoder_Alps_EC11E-Switch_Vertical_H20mm,F,https://tech.alpsalpine.com/e/products/detail/EC11E15244B2/,DigiKey,4809-EC11E15244B2-ND,https://www.digikey.com/en/products/detail/alps-alpine/EC11E15244B2/19529170,1,1 encoder,5.00,In stock: public page reports 961,2026-10-02,Public listing observed; stock and price may change. Shipping/tax/checkout not checked.,"30 detents / 15 pulses, 20 mm flat shaft, push switch"
JOY1,1,RKJXV1224005,Alps Alpine,RKJXV1224005,Macropad:Joystick_RKJXV1224005,F,https://tech.alpsalpine.com/e/products/detail/RKJXV1224005/,LCSC,C146170,https://www.lcsc.com/product-detail/C146170.html,1,1 joystick,1.2054,In stock: public page reports 2500; ships now,2026-10-02,Public listing observed; stock and price may change. Shipping/tax/checkout not checked.,Bare 2-axis 10k potentiometer joystick with click; custom logical pad names X/Y1..3 map to manufacturer potentiometer terminals 1..3; NRND; manufacturer NRND but exact SKU currently offered by LCSC; Mouser observed zero stock/backorder
J1,1,TOUCH_I2C,Samtec,TSW-104-07-G-S,Connector_PinHeader_2.54mm:PinHeader_1x04_P2.54mm_Vertical,DNP / optional,https://www.samtec.com/products/tsw,DigiKey,612-TSW-104-07-G-S-ND,https://www.digikey.com/en/products/detail/samtec-inc/TSW-104-07-G-S/1101323,1,1 four-position header,0.38,In stock: public page reports 6890,2026-10-02,Public listing observed; stock and price may change. Shipping/tax/checkout not checked.,Optional 2.54 mm header; external peripherals not on PCB; CLOSED CASE: leave this header DNP/unfitted. Approximately 8.5mm vertical protrusion does not fit the 3.6mm PCB-to-plate gap. Baseline optional peripheral wiring uses direct-solder insulated pigtails to these same numbered pads; never claim standard headers fit this enclosure.
J2,1,RGB_STRIP,Samtec,TSW-103-07-G-S,Connector_PinHeader_2.54mm:PinHeader_1x03_P2.54mm_Vertical,DNP / optional,https://www.samtec.com/products/tsw,DigiKey,612-TSW-103-07-G-S-ND,https://www.digikey.com/en/products/detail/samtec-inc/TSW-103-07-G-S/1101324,1,1 three-position header,0.27,In stock: public page reports 32471,2026-10-02,Public listing observed; stock and price may change. Shipping/tax/checkout not checked.,Optional 2.54 mm header; external peripherals not on PCB; CLOSED CASE: leave this header DNP/unfitted. Approximately 8.5mm vertical protrusion does not fit the 3.6mm PCB-to-plate gap. Baseline optional peripheral wiring uses direct-solder insulated pigtails to these same numbered pads; never claim standard headers fit this enclosure.
J3,1,MIC_I2S,Samtec,TSW-106-07-G-S,Connector_PinHeader_2.54mm:PinHeader_1x06_P2.54mm_Vertical,DNP / optional,https://www.samtec.com/products/tsw,DigiKey,612-TSW-106-07-G-S-ND,https://www.digikey.com/en/products/detail/samtec-inc/TSW-106-07-G-S/1101321,1,1 six-position header,0.58,In stock: public page reports 4477,2026-10-02,Public listing observed; stock and price may change. Shipping/tax/checkout not checked.,Optional 2.54 mm header; external peripherals not on PCB; CLOSED CASE: leave this header DNP/unfitted. Approximately 8.5mm vertical protrusion does not fit the 3.6mm PCB-to-plate gap. Baseline optional peripheral wiring uses direct-solder insulated pigtails to these same numbered pads; never claim standard headers fit this enclosure.
"R1,R2",2,4.7k,Yageo,RC0603FR-074K7L,Resistor_SMD:R_0603_1608Metric,DNP / optional,https://www.yageo.com/en/PartSearch,DigiKey,311-4.70KHRCT-ND,https://www.digikey.com/en/products/detail/yageo/RC0603FR-074K7L/727212,2,Cut tape individual resistor,,In stock: public page reports 4356507,2026-10-02,Public listing observed; stock and price may change. Shipping/tax/checkout not checked.,I2C pull-up: DNP if peripheral already fitted with pull-ups
R3,1,330,Yageo,RC0603FR-07330RL,Resistor_SMD:R_0603_1608Metric,B,https://www.yageo.com/en/PartSearch,DigiKey,311-330HRCT-ND,https://www.digikey.com/en/products/detail/yageo/RC0603FR-07330RL/727162,1,Cut tape individual resistor,,In stock: public page reports 282975,2026-10-02,Public listing observed; stock and price may change. Shipping/tax/checkout not checked.,RGB data series damping resistor
U2,1,SN74AHCT1G125DBVR,Texas Instruments,SN74AHCT1G125DBVR,Package_TO_SOT_SMD:SOT-23-5,B,https://www.ti.com/lit/ds/symlink/sn74ahct1g125.pdf,DigiKey,296-4708-1-ND,https://www.digikey.com/en/products/detail/texas-instruments/SN74AHCT1G125DBVR/376028,1,Cut tape individual IC,,In stock: public page reports 52420,2026-10-02,Public listing observed; stock and price may change. Shipping/tax/checkout not checked.,5V TTL-input buffer; 3.3V input accepted; /OE grounded
C1,1,100nF / 100V X7R,Murata,GRM188R72A104KA35D,Capacitor_SMD:C_0603_1608Metric,B,https://media.digikey.com/pdf/Data%20Sheets/Murata%20PDFs/GRM188R72A104KA35.pdf,DigiKey,490-3285-1-ND,https://www.digikey.com/en/products/detail/murata-electronics/GRM188R72A104KA35D/702826,1,Cut tape individual capacitor,0.16,In stock: public page reports 560991,2026-10-02,Public listing observed; stock and price may change. Shipping/tax/checkout not checked.,0603 X7R bypass adjacent to U2; stock-backed voltage-upgrade replacement for obsolete GRM188R71C104KA01D; same capacitance and PCB footprint
C2,1,100uF / 16V,Panasonic,EEE-FK1C101P,Capacitor_SMD:CP_Elec_6.3x5.8,DNP / optional,https://industrial.panasonic.com/ww/products/pt/aluminum-cap-smd/models/EEEFK1C101P,DigiKey,PCE3783CT-ND,https://www.digikey.com/en/products/detail/panasonic-electronic-components/EEE-FK1C101P/766159,1,Cut tape individual capacitor,0.61,In stock: public page reports 87070,2026-10-02,Public listing observed; stock and price may change. Shipping/tax/checkout not checked.,Optional polarized bulk capacitor near RGB header; 6.3mm diameter x5.8mm nominal body (6.1mm maximum seated); same PCB footprint; validate USB inrush before populating; MECHANICAL: leave DNP unless the underside bay provides clearance for 5.8mm nominal / 6.1mm maximum seated height plus assembly tolerance. Verify bay against the physical capacitor before populating.
R4,1,10k,Yageo,RC0603FR-0710KL,Resistor_SMD:R_0603_1608Metric,B,https://www.yageo.com/en/PartSearch,DigiKey,311-10.0KHRCT-ND,https://www.digikey.com/en/products/detail/yageo/RC0603FR-0710KL/726880,1,Cut tape individual resistor,0.10,In stock: public page reports 4884,2026-10-02,Public listing observed; stock and price may change. Shipping/tax/checkout not checked.,Pull-down holds AHCT input low during reset or high-impedance Pico GPIO state
External switches,13,MX-compatible switch,Cherry,MX2A-L1NN,Off-board removable,Required for use,https://www.cherry.de/en-gb/product/mx2a-red,DigiKey,1644-MX2A-L1NN-ND,https://www.digikey.com/en/products/detail/cherry-americas-llc/MX2A-L1NN/21738390,13,1 Cherry MX2A Red switch,1.75,In stock: public page reports 237,2026-10-02,Public listing observed; stock and price may change. Shipping/tax/checkout not checked.,Example linear switch; hot-swap socket footprint supports MX 3-pin/5-pin; confirm plate and cap compatibility
External LEDs,6,Mini Skinny NeoPixel RGB strip; six pixels used,Adafruit,2963,External strip / module,Optional,https://www.adafruit.com/product/2963,Adafruit,2963,https://www.adafruit.com/product/2963,1,1 meter / 60 pixels; cut six-pixel section about 100mm,14.95,In stock: public page reports 14 strips,2026-10-02,Public listing observed; stock and price may change. Shipping/tax/checkout not checked.,"Optional J2 external strip: buy 1m and cut six pixels (~100mm); 7.5mm wide x4mm with sleeve, 5mm bare width. May ship WS2812B or SK6812; 24-bit RGB protocol. Validate color order/timing; limit USB current in firmware. Do not power full 1m from Pico USB."
Keycaps,13,Black blank DSA 1U MX keycaps,Adafruit,4997,Off-board,Required for use,https://www.adafruit.com/product/4997,Adafruit,4997,https://www.adafruit.com/product/4997,2,10 black DSA caps per pack; 20 total; 13 used,5.95,In stock: public page reports 4 packs,2026-10-02,Public listing observed; stock and price may change. Shipping/tax/checkout not checked.,"Two 10-packs provide 20 caps; 13 used and seven spare. All keys 1U. DSA is standard-height MX profile, not low-profile CHOC."
Optional accent keycaps,10,Neon green blank DSA 1U MX keycaps,Adafruit,5015,Off-board,Optional cosmetic alternative,https://www.adafruit.com/product/5015,Adafruit,5015,https://www.adafruit.com/product/5015,1,10 neon-green DSA caps per pack,5.95,In stock: public page reports 69 packs,2026-10-02,Public listing observed; stock and price may change. Shipping/tax/checkout not checked.,"Optional accent pack; replaces selected black caps, does not add keys"
USB extension,1,Micro-B male to panel-mount micro-B female extension,Adafruit,3258,Panel mount / cable,Required,https://www.adafruit.com/product/3258,Adafruit,3258,https://www.adafruit.com/product/3258,1,1 cable; includes two M3 x12 panel screws,4.95,In stock shown on public page,2026-10-02,Public listing observed; stock and price may change. Shipping/tax/checkout not checked.,17.3mm panel screw pitch;30cm cable; reserve slack corridor; supplier drawing fit check
Case inserts,6,M2.5 D4.2 L3 brass heat-set insert,Trianglelab,M2.5 D4.2 L3 option,Printed-case bosses,Required,https://www.trianglelab.net/products/trianglelab-hot-melt-insert-nuts-m25-m3-m4-m5-m6-brass-nuts,Trianglelab,M2.5 D4.2 L3 option,https://www.trianglelab.net/products/trianglelab-hot-melt-insert-nuts-m25-m3-m4-m5-m6-brass-nuts,6,Confirm pack quantity / exact option on retailer page,,Stock unverified: exact variant or dynamic availability not reliably exposed,2026-10-02,Public product page read 2026-10-02; no reliable exact-variant stock confirmation,CAD pilot3.8mm depth3.3mm; print-fit coupon required
Case screws,6,M2.5 x16 DIN7985Z Pozi panhead,Accu,SPP-M2.5-16-ST-BZP,Underside assembly,Required,https://www.accu.co.uk/pozi-pan-head-screws/500109-SPP-M2-5-16-ST-BZP,Accu,SPP-M2.5-16-ST-BZP,https://www.accu.co.uk/pozi-pan-head-screws/500109-SPP-M2-5-16-ST-BZP,6,Confirm pack quantity / exact option on retailer page,,Stock unverified: exact variant or dynamic availability not reliably exposed,2026-10-02,Public product page read 2026-10-02; no reliable exact-variant stock confirmation,"HeadØ5mm max,height2.12mm max. CAD pocketØ5.4x1.7deep;0.42mm head projection protected by1.7mmfeet"
Printed case set,1,Base plate knob joystick cap touch blank,Project,Revision A,See mechanical sources,Required,,,,,,,,Generated prototype,,Project-generated parts; print after fit validation,Dimensions require physical fit coupon; no purchased generic knob substituted
